Strategy,sharpe_mean,sharpe_std,annual_return_mean,annual_return_std,volatility_mean,volatility_std,max_drawdown_mean,max_drawdown_std,sortino_mean,sortino_std
Equal Weight,39.78725312080085,7.105427357601002e-15,1.0358104704637898,2.220446049250313e-16,0.026033716613870366,3.469446951953614e-18,-0.0022809359676713437,0.0,71.68238324014035,0.0
DQN,27.58755709918392,26.914950147400766,1.2548518339183805,1.5766740481280217,0.048087042522614906,0.04448990350134577,-0.05651402222663576,0.06566323771503504,30.214877864176792,26.974142351791023
DQN + NS,19.540608094716156,23.752529045882934,0.8754412350141539,1.2148830484056097,0.049365195856587565,0.03367093151106636,-0.09357569735163998,0.08668254606708459,20.720462616282894,23.068632460111203
DDPG,39.77620038631634,0.09981230957572387,1.0355996607358828,0.0019339956022983102,0.026035695205674298,2.0141403274084142e-05,-0.002284901976419232,2.9905075132302106e-05,71.55580804383263,0.7418537093572505
DDPG + NS,39.80930735037125,0.12483740274906843,1.036430885337036,0.0033099242104161195,0.0260348741462944,2.781177814930095e-06,-0.002273803476451999,4.131004964595401e-05,71.88816844347637,1.2071353148344772
MAP-Elites,54.25731481239065,11.002068506811757,2.091035208263823,1.320824584117535,0.036636364356369286,0.01862646056468066,-0.0003452213876322753,0.000598316879209729,77.0275773914049,42.69220433055367
