Strategy,sharpe_mean,sharpe_std,annual_return_mean,annual_return_std,volatility_mean,volatility_std,max_drawdown_mean,max_drawdown_std,sortino_mean,sortino_std
Equal Weight,39.78725312080085,7.105427357601002e-15,1.0358104704637898,2.220446049250313e-16,0.026033716613870366,3.469446951953614e-18,-0.0022809359676713437,0.0,71.68238324014035,0.0
DQN,25.753151283489718,25.676505378682215,1.1182309723326642,1.2676426680144377,0.05895529953427577,0.0696585989602641,-0.08127769627504887,0.10121994759387272,26.639597076180234,25.15541221766189
DQN + NS,17.530263225399505,20.485153869085817,0.8705126614009193,1.121621102483412,0.05697121596396063,0.04463936398716184,-0.09226190140871855,0.08383740185585409,18.416436675108528,19.977594239560215
DDPG,39.721948284181295,0.2025765626719652,1.0342878273994272,0.004789753781503731,0.026038250081753544,1.610983449204004e-05,-0.0022967248415142294,5.397704937545533e-05,71.46167088103714,1.0328724252917232
DDPG + NS,39.77341339833741,0.09227290120296916,1.0354422576528588,0.0019263469855877473,0.026033546268410323,1.3357414956682846e-05,-0.002284523990593897,2.5140872008472164e-05,71.62902415335942,0.4949406045219993
